epoch,train_loss,val_top1
1,5.009111297096622,0.1094425316826606
2,3.85870635362319,0.2999780235880155
3,3.3079788822960197,0.3167533514028276
4,2.9462637267334624,0.42311918540766247
5,2.7400264744518603,0.44106658852831293
6,2.5750885120710643,0.42854003369716503
7,2.4450792064014664,0.48597172368324665
8,2.3371214239459204,0.5123434180646107
9,2.248626883779383,0.5503626107977437
10,2.171119770093521,0.5497765731448245
11,2.0998665754385257,0.5360046883012234
12,2.0405147589622854,0.5349791224086148
13,1.9870588777185278,0.555343930847557
14,1.9375687097212528,0.5766610504724928
15,1.8829647849428008,0.5488975166654457
16,1.8401609959199332,0.5834737381876786
17,1.7936999580459376,0.5792249652040143
18,1.7534972262857986,0.5705809098234561
19,1.719113440255494,0.5859643982125852
20,1.684810261893929,0.5995165189363416
21,1.6511610709024631,0.5886748223573365
22,1.626950187221212,0.5972456230312797
23,1.6012588022780894,0.6013478866017141
24,1.5746080741809871,0.6001758112958757
25,1.5583381258864009,0.6061826972382975
26,1.543143301381458,0.607354772544136
27,1.532410274204026,0.6066222254779869
28,1.5287194530508796,0.6053036407589187
29,1.52364351403,0.6055234048787634
30,1.518323375741754,0.6071350084242912
